Month;Progress
1;0.8712691234142845
2;0.8916196792522503
3;0.8812104553491102
4;0.9065165576326777
5;0.9006171534402085
6;0.881482276290906
7;0.8979105156801609
8;0.9272920161154159
9;0.9320530224605384
10;0.9594434140048336
11;0.9794348755831072
12;0.9907987141055162
