2 Prediction,3 Prediction,4 Prediction,5 Prediction
7704.87517296141,7741.4473302198885,7911.163444684783,7868.712442604969
7472.992130919298,7588.035032381254,7666.953938759624,7836.830859616971
7877.9614693767835,8044.2672864180995,8141.1048479121655,8217.668615171839
9351.026514513233,9256.054701416528,9394.455371697253,9490.315990878928
10268.872234057286,10283.339425349443,10203.053687159127,10318.28978113683
