2 Growth,4 Growth,3 Prediction,5 Prediction
0.15136782217174502,0.18219423698339782,7741.4473302198885,7868.712442604969
0.1041250454946831,0.13278265494403046,7588.035032381254,7836.830859616971
0.07926742472994652,0.11531762345084577,8044.2672864180995,8217.668615171839
0.09396368141112069,0.09904436345290189,9256.054701416528,9490.315990878928
0.09328225473583594,0.08627483973289124,10283.339425349443,10318.28978113683
