3 Prediction,5 Prediction
7741.4473302198885,7868.712442604969
7588.035032381254,7836.830859616971
8044.2672864180995,8217.668615171839
9256.054701416528,9490.315990878928
10283.339425349443,10318.28978113683
